<?xml version="1.0" encoding="UTF-8"?>
    <addon id="repository.civitas" name="Civitas" version="1.0.4" provider-name="Community">
        <requires>
            <import addon="xbmc.addon" version="12.0.0"/>
        </requires>
        <extension point="xbmc.addon.repository" name="Civitas">
            <info compressed="false">https://raw.githubusercontent.com/civitasadmin/_scrapers/master/addons.xml</info>
            <checksum>https://raw.githubusercontent.com/civitasadmin/_scrapers/master/addons.xml.md5</checksum>
            <datadir zip="true">https://raw.githubusercontent.com/civitasadmin/_scrapers/master/</datadir>
        </extension>
        <extension point="xbmc.addon.metadata">
            <summary>The author is not responsible for the use of this addon. The author is not responsible for the content found using this addon. The author does not host or own any content found within this addon.[CR]The author is in no way affiliated with Kodi, Team Kodi, or the XBMC Foundation.[CR]This is a Non-profit resource, organized solely for educational purposes which is protected under the Fair-Use doctrine of the Copyright Act, Specifically section 107, which does promote freedom of expression, by permitting the unlicensed use of copyright-protected works.</summary>
            <description>This addon does not form part of the Kodi Media Centre. Please do not seek assistance with this addon from any of the Official Kodi Support Channels.The author does not host any of the content in this addon and takes no responsibility for content found.</description>
            <platform>all</platform>
            <license>GNU GENERAL PUBLIC LICENSE. Version 3, 29 June 2007</license>
    	<assets>
        	<icon>icon.png</icon>
		</assets>
    </extension>
</addon>